<?xml version="1.0" encoding="UTF-8"?>
<metadata xml:lang="en"><Esri><CreaDate>20140724</CreaDate><CreaTime>10504600</CreaTime><ArcGISFormat>1.0</ArcGISFormat><SyncOnce>TRUE</SyncOnce><DataProperties><lineage><Process ToolSource="c:\gis\arcgis\desktop10.0\ArcToolbox\Toolboxes\Data Management Tools.tbx\Rename" Date="20140724" Time="105046">Rename "C:\Users\ayub.IRINNEWS\Desktop\Working folder\South Sudan July 2014\COD data\Rivers\ssd_main_rivers.shp" "C:\Users\ayub.IRINNEWS\Desktop\Working folder\South Sudan July 2014\COD data\Rivers\ssd_main_rivers_fao_250k.shp" ShapeFile</Process></lineage></DataProperties></Esri></metadata>
