<?xml version="1.0" encoding="UTF-8"?>
<metadata xml:lang="en"><dataIdInfo><envirDesc> Version 6.2 (Build 9200) ; Esri ArcGIS 10.3.1.4959</envirDesc><dataLang><languageCode value="eng"/><countryCode value="USA"/></dataLang><idCitation><resTitle>SSD_Payam_2_FeatureToLine</resTitle><presForm><PresFormCd value="005"/></presForm></idCitation><spatRpType><SpatRepTypCd value="001"/></spatRpType></dataIdInfo><mdLang><languageCode value="eng"/><countryCode value="USA"/></mdLang><distInfo><distFormat><formatName>File Geodatabase Feature Class</formatName></distFormat><distTranOps><transSize>0.000</transSize></distTranOps></distInfo><mdHrLv><ScopeCd value="005"/></mdHrLv><mdHrLvName>dataset</mdHrLvName><refSysInfo><RefSystem><refSysID><identCode code="4326"/><idCodeSpace>EPSG</idCodeSpace><idVersion>8.6.2</idVersion></refSysID></RefSystem></refSysInfo><spatRepInfo><VectSpatRep><geometObjs><geoObjTyp><GeoObjTypCd value="002"/></geoObjTyp><geoObjCnt>0</geoObjCnt></geometObjs><topLvl><TopoLevCd value="001"/></topLvl></VectSpatRep></spatRepInfo><spdoinfo><ptvctinf/></spdoinfo><eainfo><detailed><enttyp><enttypl>SSD_Payam_2_FeatureToLine</enttypl></enttyp><attr><attrlabl>FID</attrlabl><attrdef>Internal feature number.</attrdef><attrdefs>Esri</attrdefs><attrdomv><udom>Sequential unique whole numbers that are automatically generated.</udom></attrdomv></attr><attr><attrlabl>OBJECTID</attrlabl><attrdef>Internal feature number.</attrdef><attrdefs>Esri</attrdefs><attrdomv><udom>Sequential unique whole numbers that are automatically generated.</udom></attrdomv></attr><attr><attrlabl>Join_Count</attrlabl></attr><attr><attrlabl>TARGET_FID</attrlabl></attr><attr><attrlabl>Shape</attrlabl><attrdef>Feature geometry.</attrdef><attrdefs>Esri</attrdefs><attrdomv><udom>Coordinates defining the features.</udom></attrdomv></attr><attr><attrlabl>Payam</attrlabl></attr><attr><attrlabl>County</attrlabl></attr><attr><attrlabl>State</attrlabl></attr><attr><attrlabl>LOCNAME</attrlabl></attr><attr><attrlabl>STATNAME</attrlabl></attr></detailed></eainfo><mdDateSt>20180531</mdDateSt><mdChar><CharSetCd value="004"/></mdChar></metadata>
